{"firstname": "Kathleen","lastname": "Holmes","username": "kholmes0","email": "kholmes0@telegraph.co.uk","phone": "63-(333)205-5413","address": "267 Nancy Hill"},
{"firstname": "Raymond","lastname": "Phillips","username": "rphillips1","email": "rphillips1@wikipedia.org","phone": "62-(114)600-8183","address": "9 Cordelia Street"},
{"firstname": "Irene","lastname": "Ford","username": "iford2","email": "iford2@about.me","phone": "86-(120)684-5093","address": "40207 Division Pass"},
{"firstname": "Mark","lastname": "Richards","username": "mrichards3","email": "mrichards3@boston.com","phone": "86-(521)266-4378","address": "26468 Fairview Plaza"},
{"firstname": "Wayne","lastname": "Chapman","username": "wchapman4","email": "wchapman4@latimes.com","phone": "7-(824)965-9850","address": "08062 Esker Drive"},
{"firstname": "Lillian","lastname": "Robertson","username": "lrobertson5","email": "lrobertson5@sfgate.com","phone": "86-(666)439-5626","address": "6042 Debra Road"},
{"firstname": "Ronald","lastname": "Morris","username": "rmorris6","email": "rmorris6@friendfeed.com","phone": "48-(407)461-3266","address": "9720 Killdeer Way"},
{"firstname": "Scott","lastname": "Sims","username": "ssims7","email": "ssims7@addtoany.com","phone": "51-(455)633-1927","address": "02 Scofield Plaza"},
{"firstname": "Matthew","lastname": "Nichols","username": "mnichols8","email": "mnichols8@businessinsider.com","phone": "55-(413)171-1935","address": "74938 Surrey Place"},
{"firstname": "Rebecca","lastname": "Marshall","username": "rmarshall9","email": "rmarshall9@va.gov","phone": "63-(174)788-9098","address": "535 7th Court"},
{"firstname": "Melissa","lastname": "Burns","username": "mburnsa","email": "mburnsa@goo.ne.jp","phone": "86-(940)978-5415","address": "37135 Riverside Parkway"},
{"firstname": "Patrick","lastname": "Montgomery","username": "pmontgomeryb","email": "pmontgomeryb@issuu.com","phone": "261-(116)181-6700","address": "9992 Cascade Pass"},
{"firstname": "Carol","lastname": "Howell","username": "chowellc","email": "chowellc@ftc.gov","phone": "55-(948)723-3196","address": "842 Kropf Circle"},
{"firstname": "Stephanie","lastname": "Barnes","username": "sbarnesd","email": "sbarnesd@dedecms.com","phone": "420-(703)928-9385","address": "479 Schmedeman Road"},
{"firstname": "Adam","lastname": "Ellis","username": "aellise","email": "aellise@netscape.com","phone": "236-(619)519-8102","address": "55601 Pierstorff Parkway"}