{"name":"Kathleen","username":"kholmes0","email":"kholmes0@telegraph.co.uk","phone":"63-(333)205-5413","address":"267 Nancy Hill"}
{"name":"Raymond", "username":"rphillips1", "email":"rphillips1@wikipedia.org", "phone":"62-(114)600-8183", "address":"9 Cordelia Street"}
{"name":"Irene", "username":"iford2", "email":"iford2@about.me", "phone":"86-(120)684-5093", "address":"40207 Division Pass"}
{"name":"Mark", "username":"mrichards3", "email":"mrichards3@boston.com", "phone":"86-(521)266-4378", "address":"26468 Fairview Plaza"}
{"name":"Wayne", "username":"wchapman4", "email":"wchapman4@latimes.com", "phone":"7-(824)965-9850", "address":"08062 Esker Drive"}
{"name":"Lillian, "username":"lrobertson5", "email":"lrobertson5@sfgate.com", "phone":"86-(666)439-5626", "address":"6042 Debra Road"}
{"name":"Ronald", "username":"rmorris6", "email":"rmorris6@friendfeed.com", "phone":"48-(407)461-3266", "address":"9720 Killdeer Way"}
{"name":"Scott", "username":"ssims7", "email":"ssims7@addtoany.com", "phone":"51-(455)633-1927", "address":"02 Scofield Plaza"}
{"name":"Matthew", "username":"mnichols8", "email":"mnichols8@businessinsider.com", "phone":"55-(413)171-1935", "address":"74938 Surrey Place"}
{"name":"Rebecca", "username":"rmarshall9", "email":"rmarshall9@va.gov", "phone":"63-(174)788-9098", "address":"535 7th Court"}
{"name":"Melissa", "username":"mburnsa", "email":"mburnsa@goo.ne.jp", "phone":"86-(940)978-5415", "address":"37135 Riverside Parkway"}
{"name":"Patrick", "username":"pmontgomeryb", "email":"pmontgomeryb@issuu.com", "phone":"261-(116)181-6700", "address":"9992 Cascade Pass"}
{"name":"Carol", "username":"chowellc", "email":"chowellc@ftc.gov", "phone":"55-(948)723-3196", "address":"842 Kropf Circle"}
{"name":"Stephanie", "username":"sbarnesd", "email":"sbarnesd@dedecms.com", "phone":"420-(703)928-9385", "address":"479 Schmedeman Road"}
{"name":"Adam", "username":"aellise", "email":"aellise@netscape.com", "phone":"236-(619)519-8102", "address":"55601 Pierstorff Parkway"}
